{
  "0": {
    "name": "overworld",
    "distance": 0,
    "groups": [
      "netherOv"
    ],
    "milkyWayOrigins": {}
  },
  "-1": {
    "name": "the_nether",
    "distance": 5,
    "groups": [
      "netherOv"
    ],
    "milkyWayOrigins": {
      "NORMAL": 2
    }
  },
  "1": {
    "name": "the_end",
    "distance": 10,
    "groups": [],
    "milkyWayOrigins": {
      "NORMAL": 1
    }
  },
  "2": {
    "name": "Storage Cell",
    "distance": 10,
    "groups": [],
    "milkyWayOrigins": {}
  }
}